OPERATOR NAME,NUMBER OF EMPLOYEES 2023,TOTAL REVENUE 2023 (£m),SOURCE
anglian water,5295,1494.9,https://www.anglianwater.co.uk/siteassets/household/about-us/our-reports/annual-integrated-report-2024---financials.pdf
severn trent water ltd,6998,1812.673,https://www.severntrent.com/content/dam/stw/regulatory-library/severn-trent-water-annual-performance-report-revised-2023.pdf
thames water utilities ltd,7242,"2,265.20",https://www.thameswater.co.uk/media-library/home/about-us/investors/our-results/2024-reports/thames-water-annual-report-2023-24.pdf
northumbrian water ltd,3103,861.2,https://www.nwg.co.uk/globalassets/corporate/apr/2024/nwl-annual-report-and-financial-statements-2023-24.pdf
cumbria waste management ltd,198,36.724,https://s3.eu-west-2.amazonaws.com/document-api-images-live.ch.gov.uk/docs/jeP7M4QaxFDl5Tg46eQgdcND8sOSKgxo8pkzyD-Emp8/application-pdf?X-Amz-Algorithm=AWS4-HMAC-SHA256&X-Amz-Credential=ASIAWRGBDBV3E7IDBVG3%2F20250610%2Feu-west-2%2Fs3%2Faws4_request&X-Amz-Date=20250610T171030Z&X-Amz-Expires=60&X-Amz-Security-Token=IQoJb3JpZ2luX2VjEOX%2F%2F%2F%2F%2F%2F%2F%2F%2F%2FwEaCWV1LXdlc3QtMiJHMEUCIGwha68DoXeTfYMYOxpB9v0hBjEAVuihIPubulRHLigRAiEA2b9v9tVb0iQJxY4AOKpO4N4WBIXuR8o0g0CKyBOawCEqxAUIvv%2F%2F%2F%2F%2F%2F%2F%2F%2F%2FARAFGgw0NDkyMjkwMzI4MjIiDOgJhQxVFhX4s4ZKoSqYBVc7Eln2OWpqVPcAYXKsIimbRrIvOlK5SvGxlsz%2B%2FOjODvsdk7PYrTkHyklST%2BCX8WpnY7PXx2wM%2Bp4h435Vguge0xYa6SWAdDUkSgfdY7bzcO2jsC3Uuo1hmp6EIrclFVy7vR8LeaLpQtXwS46cnFCIp2hqo1RzFTDZWUQ18kamCzBWTSVAXjD3HvJd%2F7zGDUKH5E8nnHIDVcyMLvLZrpSdhQs5QIykvd0q%2BYpjynQT099TTX%2FCpvmTXiesXv2KwdlK3%2BpcOp2Y2de%2FrJOpAZfyCYuAs%2FInpjeZf5HJXzPqsDOx8kieciL%2FcU2OPmeP7h3FHd6B47noBidEhPyVfcvLc4eE01GRFxPyyjg1c58a29jcxKEb%2BISk%2B4T8ug6N%2B9lB5i1YHseqXv8ACP%2FLJnUf7C22%2FJnjGdcBtdDxHnU1yrzl1OPfLuej%2FxAG%2FTFV6T6NAcdhnJXzptlBBAFSXKspncGxkV%2BdoTSJy1XmhyiwVs7W%2BQ90LB8PxBKnlP9Mb0WOnnH4W8u0t6qoxz4DuvTPbcL4q%2Bkliw0zXudAcVDBv3pp%2B%2BV1wRmGJA77gSVEZnmi905Ue5hbrDpMjqa3cGHkVz7bDt9pKt%2FHwSOkHmJQLsnP%2FiXudr2KuEckAXzHT9h5CqGOSXLVK3z2uu0pZta5j6Zg1aCEji1h1WfWgkYBLgqVH5J6k%2BKrxMU6hGbQNdUj7vJakQK97yyO%2BhbbG67fx7gzrUbsbrDVwdUP3NCvHSv4G%2BFcHtaJKQ4QApBaVTt%2FW91HMpSjLDOBTDK4frnvMxFpVzBKAFgdEdiHe322CASyKcPiLWQi8zKWdZiz%2BRfudGA7x9%2FKZdCD2WApQBWnkgJ0loK9b2gf29RsvSgSkBcq1L8e6SswmNmgwgY6sQFXJEFVHXDKwD6hZbhxFrPM8cZfzd9XZX1IxmiWKdBjCza17EPCtcuUMI7jrEHiYR6neQQk3pGfatYJbx0dXhM2XxuHxM1jodPpaf0Us8G09b8wqwCCnHZy53d%2FwCG3B1dC7jiZ2FgdAFqSWUwVHLXvj1JNmGRpnM8RslF0EtzcKUvlWmkTQrLqRKN3wP58oQCDp5VyG5t%2FlvoG9hGE%2BLe4nX1O7qqnuo4SzlKfh5%2FZrWI%3D&X-Amz-SignedHeaders=host&response-content-disposition=inline%3Bfilename%3D%22companies_house_document.pdf%22&X-Amz-Signature=7a137fcab51831bb5e0a67ed311090f922c6804a6982252b9691d4737320f21f
united utilities water plc,5975,1824.4,https://www.unitedutilities.com/globalassets/documents/pdf/integrated-annual-report-2023.pdf
wessex water,2653,530.5,https://corporate.wessexwater.co.uk/media/nktf3g4u/annual-report-and-accounts-2023-24.pdf
british steel limited,4271,1259.703,https://s3.eu-west-2.amazonaws.com/document-api-images-live.ch.gov.uk/docs/3lmrNlJH4tTOb2X4qBQvvkO-D2hdVLKSuW2HbY56yUY/application-pdf?X-Amz-Algorithm=AWS4-HMAC-SHA256&X-Amz-Credential=ASIAWRGBDBV3E7IDBVG3%2F20250610%2Feu-west-2%2Fs3%2Faws4_request&X-Amz-Date=20250610T171753Z&X-Amz-Expires=60&X-Amz-Security-Token=IQoJb3JpZ2luX2VjEOX%2F%2F%2F%2F%2F%2F%2F%2F%2F%2FwEaCWV1LXdlc3QtMiJHMEUCIGwha68DoXeTfYMYOxpB9v0hBjEAVuihIPubulRHLigRAiEA2b9v9tVb0iQJxY4AOKpO4N4WBIXuR8o0g0CKyBOawCEqxAUIvv%2F%2F%2F%2F%2F%2F%2F%2F%2F%2FARAFGgw0NDkyMjkwMzI4MjIiDOgJhQxVFhX4s4ZKoSqYBVc7Eln2OWpqVPcAYXKsIimbRrIvOlK5SvGxlsz%2B%2FOjODvsdk7PYrTkHyklST%2BCX8WpnY7PXx2wM%2Bp4h435Vguge0xYa6SWAdDUkSgfdY7bzcO2jsC3Uuo1hmp6EIrclFVy7vR8LeaLpQtXwS46cnFCIp2hqo1RzFTDZWUQ18kamCzBWTSVAXjD3HvJd%2F7zGDUKH5E8nnHIDVcyMLvLZrpSdhQs5QIykvd0q%2BYpjynQT099TTX%2FCpvmTXiesXv2KwdlK3%2BpcOp2Y2de%2FrJOpAZfyCYuAs%2FInpjeZf5HJXzPqsDOx8kieciL%2FcU2OPmeP7h3FHd6B47noBidEhPyVfcvLc4eE01GRFxPyyjg1c58a29jcxKEb%2BISk%2B4T8ug6N%2B9lB5i1YHseqXv8ACP%2FLJnUf7C22%2FJnjGdcBtdDxHnU1yrzl1OPfLuej%2FxAG%2FTFV6T6NAcdhnJXzptlBBAFSXKspncGxkV%2BdoTSJy1XmhyiwVs7W%2BQ90LB8PxBKnlP9Mb0WOnnH4W8u0t6qoxz4DuvTPbcL4q%2Bkliw0zXudAcVDBv3pp%2B%2BV1wRmGJA77gSVEZnmi905Ue5hbrDpMjqa3cGHkVz7bDt9pKt%2FHwSOkHmJQLsnP%2FiXudr2KuEckAXzHT9h5CqGOSXLVK3z2uu0pZta5j6Zg1aCEji1h1WfWgkYBLgqVH5J6k%2BKrxMU6hGbQNdUj7vJakQK97yyO%2BhbbG67fx7gzrUbsbrDVwdUP3NCvHSv4G%2BFcHtaJKQ4QApBaVTt%2FW91HMpSjLDOBTDK4frnvMxFpVzBKAFgdEdiHe322CASyKcPiLWQi8zKWdZiz%2BRfudGA7x9%2FKZdCD2WApQBWnkgJ0loK9b2gf29RsvSgSkBcq1L8e6SswmNmgwgY6sQFXJEFVHXDKwD6hZbhxFrPM8cZfzd9XZX1IxmiWKdBjCza17EPCtcuUMI7jrEHiYR6neQQk3pGfatYJbx0dXhM2XxuHxM1jodPpaf0Us8G09b8wqwCCnHZy53d%2FwCG3B1dC7jiZ2FgdAFqSWUwVHLXvj1JNmGRpnM8RslF0EtzcKUvlWmkTQrLqRKN3wP58oQCDp5VyG5t%2FlvoG9hGE%2BLe4nX1O7qqnuo4SzlKfh5%2FZrWI%3D&X-Amz-SignedHeaders=host&response-content-disposition=inline%3Bfilename%3D%22companies_house_document.pdf%22&X-Amz-Signature=41a211dbec49a6edebc1ba7228c00af179f28925fc6a1f83700d3a392e14c374
urbaser environmental limited,1792,77.264,https://s3.eu-west-2.amazonaws.com/document-api-images-live.ch.gov.uk/docs/gAE70tG1_rXPsGpWINNioxCyF7Tsr6b5cRBllrIFMsc/application-pdf?X-Amz-Algorithm=AWS4-HMAC-SHA256&X-Amz-Credential=ASIAWRGBDBV3E7IDBVG3%2F20250610%2Feu-west-2%2Fs3%2Faws4_request&X-Amz-Date=20250610T172315Z&X-Amz-Expires=60&X-Amz-Security-Token=IQoJb3JpZ2luX2VjEOX%2F%2F%2F%2F%2F%2F%2F%2F%2F%2FwEaCWV1LXdlc3QtMiJHMEUCIGwha68DoXeTfYMYOxpB9v0hBjEAVuihIPubulRHLigRAiEA2b9v9tVb0iQJxY4AOKpO4N4WBIXuR8o0g0CKyBOawCEqxAUIvv%2F%2F%2F%2F%2F%2F%2F%2F%2F%2FARAFGgw0NDkyMjkwMzI4MjIiDOgJhQxVFhX4s4ZKoSqYBVc7Eln2OWpqVPcAYXKsIimbRrIvOlK5SvGxlsz%2B%2FOjODvsdk7PYrTkHyklST%2BCX8WpnY7PXx2wM%2Bp4h435Vguge0xYa6SWAdDUkSgfdY7bzcO2jsC3Uuo1hmp6EIrclFVy7vR8LeaLpQtXwS46cnFCIp2hqo1RzFTDZWUQ18kamCzBWTSVAXjD3HvJd%2F7zGDUKH5E8nnHIDVcyMLvLZrpSdhQs5QIykvd0q%2BYpjynQT099TTX%2FCpvmTXiesXv2KwdlK3%2BpcOp2Y2de%2FrJOpAZfyCYuAs%2FInpjeZf5HJXzPqsDOx8kieciL%2FcU2OPmeP7h3FHd6B47noBidEhPyVfcvLc4eE01GRFxPyyjg1c58a29jcxKEb%2BISk%2B4T8ug6N%2B9lB5i1YHseqXv8ACP%2FLJnUf7C22%2FJnjGdcBtdDxHnU1yrzl1OPfLuej%2FxAG%2FTFV6T6NAcdhnJXzptlBBAFSXKspncGxkV%2BdoTSJy1XmhyiwVs7W%2BQ90LB8PxBKnlP9Mb0WOnnH4W8u0t6qoxz4DuvTPbcL4q%2Bkliw0zXudAcVDBv3pp%2B%2BV1wRmGJA77gSVEZnmi905Ue5hbrDpMjqa3cGHkVz7bDt9pKt%2FHwSOkHmJQLsnP%2FiXudr2KuEckAXzHT9h5CqGOSXLVK3z2uu0pZta5j6Zg1aCEji1h1WfWgkYBLgqVH5J6k%2BKrxMU6hGbQNdUj7vJakQK97yyO%2BhbbG67fx7gzrUbsbrDVwdUP3NCvHSv4G%2BFcHtaJKQ4QApBaVTt%2FW91HMpSjLDOBTDK4frnvMxFpVzBKAFgdEdiHe322CASyKcPiLWQi8zKWdZiz%2BRfudGA7x9%2FKZdCD2WApQBWnkgJ0loK9b2gf29RsvSgSkBcq1L8e6SswmNmgwgY6sQFXJEFVHXDKwD6hZbhxFrPM8cZfzd9XZX1IxmiWKdBjCza17EPCtcuUMI7jrEHiYR6neQQk3pGfatYJbx0dXhM2XxuHxM1jodPpaf0Us8G09b8wqwCCnHZy53d%2FwCG3B1dC7jiZ2FgdAFqSWUwVHLXvj1JNmGRpnM8RslF0EtzcKUvlWmkTQrLqRKN3wP58oQCDp5VyG5t%2FlvoG9hGE%2BLe4nX1O7qqnuo4SzlKfh5%2FZrWI%3D&X-Amz-SignedHeaders=host&response-content-disposition=inline%3Bfilename%3D%22companies_house_document.pdf%22&X-Amz-Signature=f6d3c35701b95ec8432604c214164eb52912c9ca69c7ed1b5693cb2a8bc751cd
southern water,2480,792.5,https://www.southernwater.co.uk/media/batkxaqs/annual-report-and-financial-statements-2022-23.pdf
haltermann carless uk limited,175,5.216,https://s3.eu-west-2.amazonaws.com/document-api-images-live.ch.gov.uk/docs/2dujpG74AVYjkCS8_amFqfoDlnPdI9s543fwnSetu7I/application-pdf?X-Amz-Algorithm=AWS4-HMAC-SHA256&X-Amz-Credential=ASIAWRGBDBV3E7IDBVG3%2F20250610%2Feu-west-2%2Fs3%2Faws4_request&X-Amz-Date=20250610T172846Z&X-Amz-Expires=60&X-Amz-Security-Token=IQoJb3JpZ2luX2VjEOX%2F%2F%2F%2F%2F%2F%2F%2F%2F%2FwEaCWV1LXdlc3QtMiJHMEUCIGwha68DoXeTfYMYOxpB9v0hBjEAVuihIPubulRHLigRAiEA2b9v9tVb0iQJxY4AOKpO4N4WBIXuR8o0g0CKyBOawCEqxAUIvv%2F%2F%2F%2F%2F%2F%2F%2F%2F%2FARAFGgw0NDkyMjkwMzI4MjIiDOgJhQxVFhX4s4ZKoSqYBVc7Eln2OWpqVPcAYXKsIimbRrIvOlK5SvGxlsz%2B%2FOjODvsdk7PYrTkHyklST%2BCX8WpnY7PXx2wM%2Bp4h435Vguge0xYa6SWAdDUkSgfdY7bzcO2jsC3Uuo1hmp6EIrclFVy7vR8LeaLpQtXwS46cnFCIp2hqo1RzFTDZWUQ18kamCzBWTSVAXjD3HvJd%2F7zGDUKH5E8nnHIDVcyMLvLZrpSdhQs5QIykvd0q%2BYpjynQT099TTX%2FCpvmTXiesXv2KwdlK3%2BpcOp2Y2de%2FrJOpAZfyCYuAs%2FInpjeZf5HJXzPqsDOx8kieciL%2FcU2OPmeP7h3FHd6B47noBidEhPyVfcvLc4eE01GRFxPyyjg1c58a29jcxKEb%2BISk%2B4T8ug6N%2B9lB5i1YHseqXv8ACP%2FLJnUf7C22%2FJnjGdcBtdDxHnU1yrzl1OPfLuej%2FxAG%2FTFV6T6NAcdhnJXzptlBBAFSXKspncGxkV%2BdoTSJy1XmhyiwVs7W%2BQ90LB8PxBKnlP9Mb0WOnnH4W8u0t6qoxz4DuvTPbcL4q%2Bkliw0zXudAcVDBv3pp%2B%2BV1wRmGJA77gSVEZnmi905Ue5hbrDpMjqa3cGHkVz7bDt9pKt%2FHwSOkHmJQLsnP%2FiXudr2KuEckAXzHT9h5CqGOSXLVK3z2uu0pZta5j6Zg1aCEji1h1WfWgkYBLgqVH5J6k%2BKrxMU6hGbQNdUj7vJakQK97yyO%2BhbbG67fx7gzrUbsbrDVwdUP3NCvHSv4G%2BFcHtaJKQ4QApBaVTt%2FW91HMpSjLDOBTDK4frnvMxFpVzBKAFgdEdiHe322CASyKcPiLWQi8zKWdZiz%2BRfudGA7x9%2FKZdCD2WApQBWnkgJ0loK9b2gf29RsvSgSkBcq1L8e6SswmNmgwgY6sQFXJEFVHXDKwD6hZbhxFrPM8cZfzd9XZX1IxmiWKdBjCza17EPCtcuUMI7jrEHiYR6neQQk3pGfatYJbx0dXhM2XxuHxM1jodPpaf0Us8G09b8wqwCCnHZy53d%2FwCG3B1dC7jiZ2FgdAFqSWUwVHLXvj1JNmGRpnM8RslF0EtzcKUvlWmkTQrLqRKN3wP58oQCDp5VyG5t%2FlvoG9hGE%2BLe4nX1O7qqnuo4SzlKfh5%2FZrWI%3D&X-Amz-SignedHeaders=host&response-content-disposition=inline%3Bfilename%3D%22companies_house_document.pdf%22&X-Amz-Signature=f9769a6d26a02a2266630efda41df5c599bce8c18a562ec3e2aee0578740ce9a
viridor waste management limited,1014,672.1,https://prod-cms.viridor.co.uk/media/k4rdnv34/23-vl-viridor-limited-financial-statements-signed-ey.pdf
severn waste services limited,325,43.65,https://s3.eu-west-2.amazonaws.com/document-api-images-live.ch.gov.uk/docs/JUP4ylDF_cNYbQWWWQdBFiZY8oul_84ELNbVRpT6fGo/application-pdf?X-Amz-Algorithm=AWS4-HMAC-SHA256&X-Amz-Credential=ASIAWRGBDBV3G343V6AT%2F20250610%2Feu-west-2%2Fs3%2Faws4_request&X-Amz-Date=20250610T173548Z&X-Amz-Expires=60&X-Amz-Security-Token=IQoJb3JpZ2luX2VjEOf%2F%2F%2F%2F%2F%2F%2F%2F%2F%2FwEaCWV1LXdlc3QtMiJGMEQCIGBO%2FHFGZawjBNbVBXx08Cq6SnCLPLmvTMeNe7QPCGPLAiAopdA52zw9zTdSRkV9vgOXwnQ79LEg1cNFPuQXgDdbvyrEBQjA%2F%2F%2F%2F%2F%2F%2F%2F%2F%2F8BEAUaDDQ0OTIyOTAzMjgyMiIME92cZOifIX6ld65xKpgFPqUvJ0z1P9qSieNSJjxTH1tZxQ6r9EYXcH2gUY0XwjFMbb67OCQWC4uK%2F%2BiTq5D1jtCO5asp8KMSC3xoxFeBwigpjffhQYrFLHsANn6OyVXxywvDrZQzrpoX5IAvZZ5gDtDjo%2B0zSWp1La21pugFu%2F8S7MhQ0ObWDAJNGiv0TNSvk2UfXUkd2rQHORDn1cPBguA3rgGOUWh7FcHpOt5MJdkCYvFCMOHn4qqpZpbWxaWNrVv43PBZQabGjRKKObAC1J3ssRvEKIFpJkML4mO55jECUbf8W7bFBhVWyUZRlyaG1ko7UuWeh7iTyvq%2Fe8G7Kh0rr1xesQlaYpHx6%2Btia2nMbtsg1f7yd%2FhJuz%2BZrHEc9ZDneV19wkuWd9JMennZks2YM%2FDcqEoqKK3SP6qvetx5cLSv%2BxkAkzFTRYOzX%2BLap2Jl2Y6xkPQLN6dmB%2BPghjoIumxNyvdQx7nSyFksWLs7uDueqpK5BWjJxCFF%2ByC4Ps4mF3oXLUegFXkNPRNS2g9yuxAshh9XDfzm4OvCYKhTAzP70A1P4YaEtB3xpQbiBECx3elvOw3sV8HDvcxGfkdFakXg8XY1zEmeiOUzBgk13nHL8G8SUu68EDVG1Nw6rCO25wT%2Ftqz5Xr%2BM0A8XmIgYc4o0HqmL6H9l5QUNSveLq7ma%2F%2Fg%2F%2By15sZt2UVJ1GSPb%2FJZg9BhvetcMzyLv1resvsBuP66sOVEHhOCtn2ojbU9%2BxylQgAVJYSEcmSTJSxH8KJazsHUl2vyH1QQriZSGAH4dhIJ6CM0AWHsii6z2JJBrFv%2F2wpXNqCvH0BIeYYlvh6FBOXIeNW1kVWEhfrbtzb2aZLWJ7mgPL7S1kU3Drmn9Iizvb4G1f%2BxbH35Rqqi3H8RCezC%2BjaHCBjqyAVe7EK3pqUovWws49dxW%2BSpER%2FWuCfO%2BvUUxyQW5tzpl3JcUx0ElR50E%2BLwcNndytyhvnhYuQwwwh3mUcZz3BwaF4GES60aLThJ9yemsZAliRwEh5Jti6pvEVeOjhKHgxi1MdO0oVzMMwvUfLid0AWgrA5qepcZ2FMcPVED%2BVWAgIctSXfeOhAavaeyr1uQnjBC5XLyQr%2BuIRTch58iVjWT8xJDU7nhTMUDAlNLHkGxY5TQ%3D&X-Amz-SignedHeaders=host&response-content-disposition=inline%3Bfilename%3D%22companies_house_document.pdf%22&X-Amz-Signature=8bfd1196f0102cf145227908bb693684d15e8f1e27fd5b0a210ed485fe089500
longs steel uk limited,becane british steel limited in 2019,,
